address_id,primary_street,secondary_street,city,region,postal_code,country
15ea179d-7581-4c45-a916-79039680de48,3220 Sachtjen Alley,Hollow Ridge,Rochester,New York,75323,United States
6fdf57e9-4767-4d1e-b8ed-f21a0d020b2d,3143 Green Trail,Schlimgen,Syracuse,New York,28235,United States
0631116b-748e-4960-9c91-e2972e3d3c65,428 Bunting Circle,Reinke,Buffalo,New York,68124,United States
15c7e6d0-b975-4a0e-9caf-89e0feba5354,9107 Pine View Park,Straubel,Albany,New York,75037,United States
c3028c76-c834-497b-949e-d25986799101,9 School Lane,Lotheville,Manhattan,New York,44905,United States
0717bc3b-a0c9-400f-b331-5e009f398edf,776 Myrtle Junction,Golden Leaf,Inglewood,California,90398,United States
b752b1ee-a2b0-4642-8e17-0838849e5366,30234 Clyde Gallagher Court,Charing Cross,Dallas,Texas,14624,United States
10ef5067-132c-408e-b21a-f6b87af35d76,050 Carey Alley,Utah,Newark,Delaware,19714,United States
c2da16a9-0e33-4190-aaa3-f3059decfb5d,13 Blaine Parkway,Spenser,San Diego,California,92121,United States
144dc3f0-3c67-4a5e-8cdc-4ffa55157884,461 Cottonwood Crossing,Darwin,Memphis,Tennessee,38197,United States
6933e50a-d9be-48d7-bb64-22b42026e367,1 Carioca Lane,Shopko,Raleigh,North Carolina,27615,United States
374ef130-65cf-4a75-a3bd-538d3d97f41c,104 Moose Circle,Grayhawk,Idaho Falls,Idaho,83405,United States
191d310e-6070-43fd-977d-6e2506429412,87 Arapahoe Court,7th,Charlotte,North Carolina,28263,United States
6461ca8c-6e89-4213-bd15-78f123520564,23435 Del Mar Circle,Bonner,Cleveland,Ohio,44118,United States
6e389d1e-ef97-4ad2-be95-506d8fdb0523,12 Hansons Trail,Russell,Washington,District of Columbia,20231,United States
becbb349-a132-44af-8590-8d95304b1fbf,0 Nova Parkway,Forster,Inglewood,California,90305,United States
65d55c07-17d1-4947-855d-7cd7ca8785ff,027 Katie Plaza,Carberry,Atlanta,Georgia,30343,United States
615cd012-ed59-40a9-894f-4c3d9a8e0931,656 Jenna Court,Rigney,Bethlehem,Pennsylvania,18018,United States
9abbdc3f-3581-4286-a704-e0e2276aee1f,61 Browning Circle,Meadow Ridge,Frankfort,Kentucky,40618,United States
1d99cf7a-33b7-4f37-adb2-16e4691d6381,321 Kipling Alley,Sycamore,Springfield,Virginia,22156,United States
59be6637-dd76-4244-83fc-06b8cd13a8fe,5032 Tony Circle,Garrison,Dallas,Texas,75287,United States
8a8d02f8-3cd5-4546-89d6-bde052332cf0,2436 Nobel Court,Calypso,Amarillo,Texas,79176,United States
2ec4a95f-1bd0-4edb-b578-b2414ff93713,5633 Burrows Circle,Comanche,Huntington,West Virginia,25711,United States
29e974ed-feff-4cbb-9030-f35acdbb810e,1 Chinook Hill,Thompson,Minneapolis,Minnesota,55407,United States
7b2f53b0-4583-4774-8035-18a9788cf7ef,9 Dexter Alley,La Follette,Fresno,California,93721,United States
