store_id,purchase_id
2e9e2dbe-befa-48de-a63a-a2b80cae8290,d8296b86-2ceb-402a-8b6b-22b374a95bfd
9248a40b-d105-4fce-8e20-afdcd0d4734d,9142ba96-da85-41c5-a80f-709e5a59c3ba
4e4d17b5-4a18-47e9-b375-2786b0740fae,3bcf34ef-8322-4c02-8586-08367c04964d
cf535ea3-4acb-4a62-b97c-18f795b11575,f29756e2-219d-4134-8c02-027c3ef607c9
d1609093-b231-4152-8131-015bfd326dfc,f21d0295-6d5f-4e25-8115-d78ccd2b3aa7
2e9e2dbe-befa-48de-a63a-a2b80cae8290,53fbe121-f0d7-4892-bea2-107043dfc6f1
9248a40b-d105-4fce-8e20-afdcd0d4734d,4d82be59-a39b-4ee5-8c14-430e03f27188
4e4d17b5-4a18-47e9-b375-2786b0740fae,292a1b6f-e420-4788-a949-ef5ae807b17c
cf535ea3-4acb-4a62-b97c-18f795b11575,f050ed93-33d6-4709-84ac-31f7d343e28a
d1609093-b231-4152-8131-015bfd326dfc,415341b9-7ac1-4f03-b1ce-f57056b1735c
2e9e2dbe-befa-48de-a63a-a2b80cae8290,20934c68-747c-498e-9b35-abf12440d6f2
9248a40b-d105-4fce-8e20-afdcd0d4734d,9d2ae208-2c89-44f4-b988-e70aef35e8b0
4e4d17b5-4a18-47e9-b375-2786b0740fae,025cd155-91d5-4228-8ac3-3b824042116b
cf535ea3-4acb-4a62-b97c-18f795b11575,b735af8d-d58b-4dc9-a0fb-661bc7908c0d
d1609093-b231-4152-8131-015bfd326dfc,b707a25a-29af-419f-a52b-7ce69c146ee2
2e9e2dbe-befa-48de-a63a-a2b80cae8290,4806d4ea-bdac-4ef7-9034-c628ee623518
9248a40b-d105-4fce-8e20-afdcd0d4734d,1ceea1e5-e7b4-4810-a4ff-0eed3d97d868
4e4d17b5-4a18-47e9-b375-2786b0740fae,6497d283-3777-483a-91b2-bd91adb2cebe
cf535ea3-4acb-4a62-b97c-18f795b11575,b1338d61-3eda-4716-84d6-77b42b347377
d1609093-b231-4152-8131-015bfd326dfc,56ca176b-a21b-46f4-9d4f-2d41606decbb
2e9e2dbe-befa-48de-a63a-a2b80cae8290,d3690b4d-fd5d-4261-a864-66082467bcb7
9248a40b-d105-4fce-8e20-afdcd0d4734d,da697bbe-fb3c-47f9-89ca-6f6047ef916e
4e4d17b5-4a18-47e9-b375-2786b0740fae,b99e6720-ea66-4c0d-95b5-77ee2a57869f
cf535ea3-4acb-4a62-b97c-18f795b11575,b8029cf7-8b52-4be7-8c29-abe17790c483
d1609093-b231-4152-8131-015bfd326dfc,f9760df7-c982-40e3-af5f-79f59f26b27b
2e9e2dbe-befa-48de-a63a-a2b80cae8290,d283d4a4-25e2-417e-a46c-7f525987e6f1
9248a40b-d105-4fce-8e20-afdcd0d4734d,d5d6d5a1-89a3-490a-b776-3e4c26cb4ae5
4e4d17b5-4a18-47e9-b375-2786b0740fae,3a3acb7c-2552-485e-8eb5-7b3f2a3db9e0
cf535ea3-4acb-4a62-b97c-18f795b11575,8bc55df1-54b1-4c17-9462-71b4902786c1
d1609093-b231-4152-8131-015bfd326dfc,be7e41a6-ce4e-4025-b414-b7d57df77a07
2e9e2dbe-befa-48de-a63a-a2b80cae8290,10ab83a3-2653-48a5-832a-5997f626c607
9248a40b-d105-4fce-8e20-afdcd0d4734d,3a83bd1c-b46f-49dd-9518-7a24b1f45169
4e4d17b5-4a18-47e9-b375-2786b0740fae,5290dc61-fe0a-4910-bf84-6223edd35fa9
cf535ea3-4acb-4a62-b97c-18f795b11575,8567d3c1-5760-4fd2-8bb0-a58575186271
d1609093-b231-4152-8131-015bfd326dfc,86da831c-563b-4786-aff3-c5326b32c828
2e9e2dbe-befa-48de-a63a-a2b80cae8290,df8dce08-cf58-4079-af29-259ee019f2be
9248a40b-d105-4fce-8e20-afdcd0d4734d,4709c061-815d-4716-942c-7fdce5f79e3d
4e4d17b5-4a18-47e9-b375-2786b0740fae,639e91a7-7b27-4a9f-a9bc-ef153d1e7400
cf535ea3-4acb-4a62-b97c-18f795b11575,4eaadd16-f4f2-47f9-870d-7d955acc4c18
d1609093-b231-4152-8131-015bfd326dfc,3e5dfd47-f5c6-443d-a817-b6e3ccace360
2e9e2dbe-befa-48de-a63a-a2b80cae8290,cfce6d9f-d292-46f0-b1c4-7025d0d62e51
9248a40b-d105-4fce-8e20-afdcd0d4734d,8ac2b0ce-f0e8-45e9-9287-0c472130af24
4e4d17b5-4a18-47e9-b375-2786b0740fae,0c4e75ae-1344-4391-aca6-b69ae20b4372
cf535ea3-4acb-4a62-b97c-18f795b11575,5fba2996-d21e-4cd8-b3f2-5f9de7fad60a
d1609093-b231-4152-8131-015bfd326dfc,c644a5bb-3069-4e10-97f2-0eef300cdc3a
2e9e2dbe-befa-48de-a63a-a2b80cae8290,6e62462b-e44c-43de-9624-9a40ac7add52
9248a40b-d105-4fce-8e20-afdcd0d4734d,2da5ffdb-4121-47cf-8045-7f1953df4ff7
4e4d17b5-4a18-47e9-b375-2786b0740fae,d8723547-cc14-477b-a4e4-3f88a95528df
cf535ea3-4acb-4a62-b97c-18f795b11575,f4ab0fda-98ec-46ba-b960-c006366b25d5
d1609093-b231-4152-8131-015bfd326dfc,16c1e3cf-44be-40a1-8e9a-7ec4adc9cd8f
2e9e2dbe-befa-48de-a63a-a2b80cae8290,44e51ab0-0fcc-4ad4-9503-4462da39e0cf
9248a40b-d105-4fce-8e20-afdcd0d4734d,ad5f4b2e-da32-4daa-9b45-5256be2aceac
4e4d17b5-4a18-47e9-b375-2786b0740fae,1db074e4-efb5-4e0d-bc4c-5f2b00b32a3d
cf535ea3-4acb-4a62-b97c-18f795b11575,72d09d0e-bff6-483a-93cb-b15dbb31030c
d1609093-b231-4152-8131-015bfd326dfc,f56e524f-7ba1-48f8-9775-22eb5cbebcab
2e9e2dbe-befa-48de-a63a-a2b80cae8290,06b070e0-1454-4836-b289-64c3be0ec021
9248a40b-d105-4fce-8e20-afdcd0d4734d,de9a7a3e-0172-4533-ab94-277e3cfdb63e
4e4d17b5-4a18-47e9-b375-2786b0740fae,5018776a-5374-4a5f-8ea4-0f3bba35605b
cf535ea3-4acb-4a62-b97c-18f795b11575,22d07fb9-f2e2-4b73-abe9-4bef55d83402
d1609093-b231-4152-8131-015bfd326dfc,306dc0c0-e747-4955-bc91-65bdc3cf11b1
2e9e2dbe-befa-48de-a63a-a2b80cae8290,4def1fae-eba9-461d-be46-b888726c6db3
9248a40b-d105-4fce-8e20-afdcd0d4734d,2fdf2b49-8406-43b5-856c-059c9e00aa82
4e4d17b5-4a18-47e9-b375-2786b0740fae,ee47cbc7-0fcb-4033-b68e-c23196a65406
cf535ea3-4acb-4a62-b97c-18f795b11575,7eed8a5f-a06b-4456-a8eb-f2f8b1b79cac
d1609093-b231-4152-8131-015bfd326dfc,27b20d2a-315b-4f93-a41c-e6714e6bb518
2e9e2dbe-befa-48de-a63a-a2b80cae8290,c436c11f-628f-4140-a9db-5418d675f51c
9248a40b-d105-4fce-8e20-afdcd0d4734d,23a384cd-336e-4e31-9128-62653c274ee0
4e4d17b5-4a18-47e9-b375-2786b0740fae,a5912370-fa95-47df-929a-a71bd1098e2a
cf535ea3-4acb-4a62-b97c-18f795b11575,d63f223d-ed87-4633-945e-fe6fcb303aba
d1609093-b231-4152-8131-015bfd326dfc,55d46617-4c74-4b7d-875e-8d65c9859fa6
2e9e2dbe-befa-48de-a63a-a2b80cae8290,de5e9c54-a63f-482d-9221-dc73a6872b2f
9248a40b-d105-4fce-8e20-afdcd0d4734d,b2595af2-4c24-4321-b14e-373e592681e4
4e4d17b5-4a18-47e9-b375-2786b0740fae,3cef1299-1847-4b5b-8ca7-ce8cc5cc022d
cf535ea3-4acb-4a62-b97c-18f795b11575,f1fccc0b-3076-42ca-8863-0d85ad5c205c
d1609093-b231-4152-8131-015bfd326dfc,b623e912-c87a-46c6-9d73-1a17fc7f1e6b
2e9e2dbe-befa-48de-a63a-a2b80cae8290,136e57a4-92aa-490e-8329-92d883a607b0
9248a40b-d105-4fce-8e20-afdcd0d4734d,3d511ffe-fd28-4890-a052-f75e57469d9e
4e4d17b5-4a18-47e9-b375-2786b0740fae,0dbe1946-67cc-44b3-873b-b026334f8f69
cf535ea3-4acb-4a62-b97c-18f795b11575,8d959044-edd0-4fa8-a9d7-78888f3561a1
d1609093-b231-4152-8131-015bfd326dfc,320eaa4b-9297-4770-9006-3fc7205292df
2e9e2dbe-befa-48de-a63a-a2b80cae8290,7e53907e-4d85-4d56-b0e2-c88805ef066c
9248a40b-d105-4fce-8e20-afdcd0d4734d,38a7d4cc-a032-445a-af84-58f01157a234
4e4d17b5-4a18-47e9-b375-2786b0740fae,d5e61b93-ef96-482d-90c9-e30f7703e534
cf535ea3-4acb-4a62-b97c-18f795b11575,fd83d965-5f42-4840-a34d-d706262edbc7
d1609093-b231-4152-8131-015bfd326dfc,cbc5b7c1-ae4b-4e4b-a9a5-88a851af5b13
2e9e2dbe-befa-48de-a63a-a2b80cae8290,e1edf4a1-a255-4d51-8305-d05ecf225fda
9248a40b-d105-4fce-8e20-afdcd0d4734d,9fbbd4b3-1c49-483c-ad83-499c03fd73bd
4e4d17b5-4a18-47e9-b375-2786b0740fae,bf25f862-f013-462b-a29f-ab723e5f146c
cf535ea3-4acb-4a62-b97c-18f795b11575,bf37aaa1-2b17-4f43-b4ba-33692a32b005
d1609093-b231-4152-8131-015bfd326dfc,ac22f11d-c57a-4d00-8078-b9e51a93cf45
2e9e2dbe-befa-48de-a63a-a2b80cae8290,7a8161de-513a-46e7-b8ec-f0c4fe3db64c
9248a40b-d105-4fce-8e20-afdcd0d4734d,84533cb6-3199-4834-a68b-611a17beb7f8
4e4d17b5-4a18-47e9-b375-2786b0740fae,fa5b48f1-84e9-4305-8876-6827b6ba31af
cf535ea3-4acb-4a62-b97c-18f795b11575,fa16e733-ff37-4e9b-857d-cd7f3da49a18
d1609093-b231-4152-8131-015bfd326dfc,cdca06d8-f454-4811-9f34-1fd48de98791
2e9e2dbe-befa-48de-a63a-a2b80cae8290,244ea8b2-7812-4c9f-beff-bd48783f88a2
9248a40b-d105-4fce-8e20-afdcd0d4734d,c1dd83d7-f399-41ef-ba27-58ee9af65b79
4e4d17b5-4a18-47e9-b375-2786b0740fae,bb56a7f5-3410-42fd-943d-7dbd1dac6075
cf535ea3-4acb-4a62-b97c-18f795b11575,b0277210-c97c-41dd-9a10-5295265bba0d
d1609093-b231-4152-8131-015bfd326dfc,006934eb-7262-4b40-b443-c6908edc04a7
2e9e2dbe-befa-48de-a63a-a2b80cae8290,8cb1f40b-9449-44dd-8598-1403bcda0896
9248a40b-d105-4fce-8e20-afdcd0d4734d,5fb8ad46-7627-4953-a24a-9642fdac941a
4e4d17b5-4a18-47e9-b375-2786b0740fae,0c658956-19b0-4a24-8b03-f79e5589b03b
cf535ea3-4acb-4a62-b97c-18f795b11575,4cd6a46d-c374-497f-855a-bedd12b2516a
d1609093-b231-4152-8131-015bfd326dfc,622a3730-dc41-4c33-91a7-205d54b2679b
2e9e2dbe-befa-48de-a63a-a2b80cae8290,73a72c09-83e4-4f3f-be73-4d14457f0d8e
9248a40b-d105-4fce-8e20-afdcd0d4734d,a5fa7828-f470-4e85-80b9-0ebe45499570
4e4d17b5-4a18-47e9-b375-2786b0740fae,d4582cbc-4fec-41f8-8fdf-5d457fd33358
cf535ea3-4acb-4a62-b97c-18f795b11575,72fc5b16-c4a9-4b29-bcda-3655387b5ba6
d1609093-b231-4152-8131-015bfd326dfc,cceb858b-cab1-4125-958b-ca05f1fbdf02
2e9e2dbe-befa-48de-a63a-a2b80cae8290,eaf53d90-30a5-4738-ba6b-67cd9178c79c
9248a40b-d105-4fce-8e20-afdcd0d4734d,eaeb16e9-4496-49fe-b49a-e1494cc646b8
4e4d17b5-4a18-47e9-b375-2786b0740fae,14da4f0d-63fd-4baf-9b76-46824f450ba0
cf535ea3-4acb-4a62-b97c-18f795b11575,23e47c91-8305-4c3a-8118-487163a5daee
d1609093-b231-4152-8131-015bfd326dfc,9d89e3dd-f6d6-4f0d-9604-c5b900a5e0e3
2e9e2dbe-befa-48de-a63a-a2b80cae8290,75789a91-518f-434d-9bab-ade53512bfb2
9248a40b-d105-4fce-8e20-afdcd0d4734d,d94b9f51-b62b-4de7-8163-9f75cafb90c4
4e4d17b5-4a18-47e9-b375-2786b0740fae,c4f42285-fa1e-4e5e-8757-61c695e5e6b5
cf535ea3-4acb-4a62-b97c-18f795b11575,e55d6762-b81a-4452-9007-2be98a8b3c48
d1609093-b231-4152-8131-015bfd326dfc,8a11bd17-dc2b-4671-8063-28c6d7dffcb5
2e9e2dbe-befa-48de-a63a-a2b80cae8290,8f462128-bd7e-4629-8aa5-aeb30ccc7575
9248a40b-d105-4fce-8e20-afdcd0d4734d,a9c812d1-21b4-4505-85a3-56f6b3f62f93
4e4d17b5-4a18-47e9-b375-2786b0740fae,e053b950-bd87-4e4b-9590-8033afff0ef3
cf535ea3-4acb-4a62-b97c-18f795b11575,866ac49b-4a7f-4bb0-b5ab-8dcd613908f7
d1609093-b231-4152-8131-015bfd326dfc,f369bc74-df6e-422f-b6cf-7869c4f6cd54
2e9e2dbe-befa-48de-a63a-a2b80cae8290,2eda4928-35c5-422e-a5eb-2dd3c5e5070a
9248a40b-d105-4fce-8e20-afdcd0d4734d,34547fe2-61a9-4cb4-916d-ff2326bf8c5b
4e4d17b5-4a18-47e9-b375-2786b0740fae,bb6af0bf-7013-428c-a64a-c37bb55ab278
cf535ea3-4acb-4a62-b97c-18f795b11575,a5d50a9f-7cdb-4faa-9d0c-8058bd9e01be
d1609093-b231-4152-8131-015bfd326dfc,318dbe22-c8d7-4a78-8a3b-3dcc46bebee7
2e9e2dbe-befa-48de-a63a-a2b80cae8290,90cee136-12bd-40c7-9d5b-3e25a14fa13d
9248a40b-d105-4fce-8e20-afdcd0d4734d,6ab4d699-14b7-43f8-8520-3897a29efc6a
4e4d17b5-4a18-47e9-b375-2786b0740fae,5eed90c8-41d7-47fb-889d-c9b307c1514c
cf535ea3-4acb-4a62-b97c-18f795b11575,9e022dd8-a554-4fd4-a726-a040c7942e8a
d1609093-b231-4152-8131-015bfd326dfc,17a099a6-ddb6-40cc-b854-96bbfe5ca14b
2e9e2dbe-befa-48de-a63a-a2b80cae8290,10dca03c-8a94-4f67-8a7e-403c81ef7c35
9248a40b-d105-4fce-8e20-afdcd0d4734d,b474c476-4fa2-477c-b416-f1a363c0e4c9
4e4d17b5-4a18-47e9-b375-2786b0740fae,079a425a-ac73-4c8b-adb9-2f0c74ecf83d
cf535ea3-4acb-4a62-b97c-18f795b11575,dc6c00ab-6f27-4882-94ca-afcb5e6a72fd
d1609093-b231-4152-8131-015bfd326dfc,76722686-3257-4491-b3c9-18683aa59bc3
2e9e2dbe-befa-48de-a63a-a2b80cae8290,b31211da-72f0-4f1e-bcc7-a2bf1887e030
9248a40b-d105-4fce-8e20-afdcd0d4734d,96c66f60-acc4-4c4f-8a4e-3f4801e2a3dc
4e4d17b5-4a18-47e9-b375-2786b0740fae,603dfb1c-d54e-4c77-ba53-2c5784da1186
cf535ea3-4acb-4a62-b97c-18f795b11575,2339c28b-9d46-49b5-907a-d5925f291d4a
d1609093-b231-4152-8131-015bfd326dfc,fa644eed-2700-40b2-a241-802100d6ef10
2e9e2dbe-befa-48de-a63a-a2b80cae8290,0570af8e-8b9f-4ca8-988b-93cfc226eb92
9248a40b-d105-4fce-8e20-afdcd0d4734d,e41c8363-1ca9-431c-ad4a-6833bb9bff90
4e4d17b5-4a18-47e9-b375-2786b0740fae,c875ce9d-9872-4bc7-8f71-0f08cf0cd710
cf535ea3-4acb-4a62-b97c-18f795b11575,90e8f83f-cf15-4527-b104-89c0e21ce539
d1609093-b231-4152-8131-015bfd326dfc,f82b465c-ffd4-4a53-9208-753a05682444
2e9e2dbe-befa-48de-a63a-a2b80cae8290,6e79b840-d65a-40ce-89e5-ed6efa2f0800
9248a40b-d105-4fce-8e20-afdcd0d4734d,f3ac22f2-7d12-4441-8f71-be02e22041b0
4e4d17b5-4a18-47e9-b375-2786b0740fae,b0c9217f-91bd-461a-bcee-aedd5348a0e5
cf535ea3-4acb-4a62-b97c-18f795b11575,f0c13969-4453-4a4f-a779-0832f70f09bc
d1609093-b231-4152-8131-015bfd326dfc,3e38c6ea-cc94-4e01-aea1-9af8c53b3154
2e9e2dbe-befa-48de-a63a-a2b80cae8290,a1818d30-0153-46d7-be7d-1e07d2cc2d2a
9248a40b-d105-4fce-8e20-afdcd0d4734d,fca182ed-9630-4833-bdf1-31525c8b8f82
4e4d17b5-4a18-47e9-b375-2786b0740fae,5643a636-6bfc-4d51-a14c-edf473e169f7
cf535ea3-4acb-4a62-b97c-18f795b11575,3ecb793e-19ce-4a2f-93f2-f082648de318
d1609093-b231-4152-8131-015bfd326dfc,4b1d77f4-472d-454a-b1c7-5404bdf6856a
2e9e2dbe-befa-48de-a63a-a2b80cae8290,dd7becf2-2e09-4fa8-bd7a-b0d3d8367ab7
9248a40b-d105-4fce-8e20-afdcd0d4734d,a8357426-ef00-4802-a921-d30a367f67bc
4e4d17b5-4a18-47e9-b375-2786b0740fae,183ccc5e-03af-4b9f-8c99-e4559e2a196c
cf535ea3-4acb-4a62-b97c-18f795b11575,9ebbd14e-2268-4f2e-8778-d415bcd06ce0
d1609093-b231-4152-8131-015bfd326dfc,76187ecb-b173-40d5-aeee-287f260a080a
2e9e2dbe-befa-48de-a63a-a2b80cae8290,f7756a2a-c637-4507-8b15-670953febc3e
9248a40b-d105-4fce-8e20-afdcd0d4734d,47e7b553-491f-4def-9bb6-4af46e726db8
4e4d17b5-4a18-47e9-b375-2786b0740fae,879a7630-e4c7-4480-83fd-03bb289f9136
cf535ea3-4acb-4a62-b97c-18f795b11575,cf9ca66d-e9e1-4d79-9641-e1ca7be8804a
d1609093-b231-4152-8131-015bfd326dfc,170ab043-5676-441b-adff-8de93129a2c0
2e9e2dbe-befa-48de-a63a-a2b80cae8290,59e2504d-7423-4d43-b196-89efb6424f37
9248a40b-d105-4fce-8e20-afdcd0d4734d,d5d94109-2bbe-4b92-aa61-3b315c5d760b
4e4d17b5-4a18-47e9-b375-2786b0740fae,5f122b00-5049-4fe4-a83c-b8b8101ecba1
cf535ea3-4acb-4a62-b97c-18f795b11575,359e0a1e-8ede-4a6d-b5bb-288934b49bd7
d1609093-b231-4152-8131-015bfd326dfc,24d97649-832c-4fca-8ed5-d2e4c9ee7013
2e9e2dbe-befa-48de-a63a-a2b80cae8290,d4221c93-6ae8-4098-91db-6974f64d29f4
9248a40b-d105-4fce-8e20-afdcd0d4734d,98ae95fd-409d-4fac-8072-6c76fc9a8db4
4e4d17b5-4a18-47e9-b375-2786b0740fae,1c96e8cc-9b63-41b3-8879-072c0dacb950
cf535ea3-4acb-4a62-b97c-18f795b11575,ed4fda05-76e7-445b-9434-8591de91468a
d1609093-b231-4152-8131-015bfd326dfc,32d013bd-d9b8-4823-ad20-32c6c555b533
2e9e2dbe-befa-48de-a63a-a2b80cae8290,8c7e6d2a-5efe-4fe0-bb3a-50a45d675212
9248a40b-d105-4fce-8e20-afdcd0d4734d,040ead12-2027-4a36-a862-c1ca9cb04ea7
4e4d17b5-4a18-47e9-b375-2786b0740fae,db8f31d8-e2ef-45cb-9cbc-6c2eafa84578
cf535ea3-4acb-4a62-b97c-18f795b11575,c68b987a-61c9-44b5-8bd9-0c0f0a1be695
d1609093-b231-4152-8131-015bfd326dfc,e8464bf6-be03-4f03-a5d7-35f3889f4926
2e9e2dbe-befa-48de-a63a-a2b80cae8290,eccaa68f-721a-4251-8d7d-c4ff05bf078a
9248a40b-d105-4fce-8e20-afdcd0d4734d,69b793f9-de5a-4d44-b057-549f2f8b9af7
4e4d17b5-4a18-47e9-b375-2786b0740fae,8837bc24-d057-41db-b5b1-0c92b7da6e36
cf535ea3-4acb-4a62-b97c-18f795b11575,6b82ed5f-060f-47f6-ab1b-b27aed805078
d1609093-b231-4152-8131-015bfd326dfc,dc808dce-14ab-428f-9d9a-108772130aa4
2e9e2dbe-befa-48de-a63a-a2b80cae8290,e716cced-3750-4e6c-8659-d9ea9fd1f46b
9248a40b-d105-4fce-8e20-afdcd0d4734d,4b2c5a52-fb1f-4f9d-b22e-9e6959269251
4e4d17b5-4a18-47e9-b375-2786b0740fae,dc9060ac-fdca-4454-b6da-6be06c97f869
cf535ea3-4acb-4a62-b97c-18f795b11575,5db8fb0d-e439-4aaf-8f47-b11974d24e53
d1609093-b231-4152-8131-015bfd326dfc,7196e06d-cbc5-420b-b980-00e29a9ad409
2e9e2dbe-befa-48de-a63a-a2b80cae8290,73578620-1f30-49d6-8368-32e3edc5365b
9248a40b-d105-4fce-8e20-afdcd0d4734d,fccaf3af-c3ed-44e0-b62c-6fca340f8845
4e4d17b5-4a18-47e9-b375-2786b0740fae,7cd78caa-edba-49c8-81d8-4ea9ea04d80e
cf535ea3-4acb-4a62-b97c-18f795b11575,ff8ae4bd-7f0c-45da-af64-77ed0e9c0760
d1609093-b231-4152-8131-015bfd326dfc,bf13e288-9103-407e-8dbb-070f6adc8a96
2e9e2dbe-befa-48de-a63a-a2b80cae8290,06ba708d-47fe-4e85-b48d-10346ae70064
9248a40b-d105-4fce-8e20-afdcd0d4734d,5dc9eea4-1a8c-4eab-ad2c-797a0ac1f8ae
4e4d17b5-4a18-47e9-b375-2786b0740fae,f085fa2b-b1e9-43d3-ba6f-ccd63806775b
cf535ea3-4acb-4a62-b97c-18f795b11575,43117d6f-d675-4155-99c0-95786dd5230d
d1609093-b231-4152-8131-015bfd326dfc,ac06102d-693c-4cae-b560-d387d3f49901
2e9e2dbe-befa-48de-a63a-a2b80cae8290,d67c998f-1203-46cf-b2a6-02aa2ea131c6
9248a40b-d105-4fce-8e20-afdcd0d4734d,3bb411b0-e8e5-42c8-9c15-2191a2007f53
4e4d17b5-4a18-47e9-b375-2786b0740fae,b5164574-cfc9-470f-88cb-259608a160ca
cf535ea3-4acb-4a62-b97c-18f795b11575,ac4f6786-f90c-4ce0-b54e-43adaf4b8f5f
d1609093-b231-4152-8131-015bfd326dfc,67e9d922-c386-4600-8b35-2e84d5df87c7
2e9e2dbe-befa-48de-a63a-a2b80cae8290,494b5f2d-7796-4d0a-b652-d878244993d8
9248a40b-d105-4fce-8e20-afdcd0d4734d,6c4710db-90bf-48c9-85dd-1b82ed0f3106
4e4d17b5-4a18-47e9-b375-2786b0740fae,34c1199d-8e16-4621-b464-5d83715018fe
cf535ea3-4acb-4a62-b97c-18f795b11575,f5812412-8e22-4441-8ce7-32b6215a0bb9
d1609093-b231-4152-8131-015bfd326dfc,6dfb0a49-06de-4d9f-823c-b1c1817d7cb3
2e9e2dbe-befa-48de-a63a-a2b80cae8290,47db4f43-31ba-4953-a012-f3d7bc73c36e
9248a40b-d105-4fce-8e20-afdcd0d4734d,56c72de7-64bf-4b7d-bc8a-35aa9728c225
4e4d17b5-4a18-47e9-b375-2786b0740fae,566c5d74-8820-4ecf-a1da-b0745b33dffd
cf535ea3-4acb-4a62-b97c-18f795b11575,d3cf638d-7139-49f7-abb2-13ce1ea0183a
d1609093-b231-4152-8131-015bfd326dfc,8cd6ceda-bcd2-4690-9aa0-7bbad08f5e7c
2e9e2dbe-befa-48de-a63a-a2b80cae8290,91ca15fe-9fa2-4c9d-8d5b-33d9e7ae1ba7
9248a40b-d105-4fce-8e20-afdcd0d4734d,c7e3a5f1-48e2-4994-948f-6e4b07f4357e
4e4d17b5-4a18-47e9-b375-2786b0740fae,ab0943ce-5474-47e2-9800-481655a8b34e
cf535ea3-4acb-4a62-b97c-18f795b11575,012b9fdb-3a7a-4e3e-b8f5-2bc3ee1f7918
d1609093-b231-4152-8131-015bfd326dfc,81f709fa-f78e-4f98-a6bf-7d02f2e7937a
2e9e2dbe-befa-48de-a63a-a2b80cae8290,25f91617-f6cd-406b-a840-5d205e36c7f5
9248a40b-d105-4fce-8e20-afdcd0d4734d,65d74f16-bd1e-4a4f-a421-0a3bbe245d9f
4e4d17b5-4a18-47e9-b375-2786b0740fae,f5115ac6-609f-4291-b05f-4490d63169b2
cf535ea3-4acb-4a62-b97c-18f795b11575,20ce48b2-c22e-424b-9a8d-42bfc648ff98
d1609093-b231-4152-8131-015bfd326dfc,5f1487e1-7ad0-4f43-9442-b8e2189db3e2
2e9e2dbe-befa-48de-a63a-a2b80cae8290,e58cb15c-b44e-48a5-993d-386e0c267ead
9248a40b-d105-4fce-8e20-afdcd0d4734d,99a9a564-0b76-4e0a-83fc-1234d187018b
4e4d17b5-4a18-47e9-b375-2786b0740fae,1fe23538-94a6-4bb1-ab7b-2b00ab728a12
cf535ea3-4acb-4a62-b97c-18f795b11575,47b8ad60-5b31-4b01-942e-679b90a25d46
d1609093-b231-4152-8131-015bfd326dfc,f6cad548-64f8-4b07-b764-e49700a41eb7
2e9e2dbe-befa-48de-a63a-a2b80cae8290,d30b5c1e-19e2-4ea7-bf3d-674561e625bd
9248a40b-d105-4fce-8e20-afdcd0d4734d,31469440-0e7f-4fca-a011-92bb981a8d28
4e4d17b5-4a18-47e9-b375-2786b0740fae,ec8471b9-df8d-4e02-86e0-30266d8f5ef7
cf535ea3-4acb-4a62-b97c-18f795b11575,c243a3da-d583-47dc-8f9f-3f04cebf6401
d1609093-b231-4152-8131-015bfd326dfc,42a00432-5acb-44ab-b6b8-73621d54247c
2e9e2dbe-befa-48de-a63a-a2b80cae8290,d37883c3-d925-4e49-9e46-0b8dd1b4cfdc
9248a40b-d105-4fce-8e20-afdcd0d4734d,a3ca964e-f904-4370-a0e3-a0a8cf50ec13
4e4d17b5-4a18-47e9-b375-2786b0740fae,71d936d7-7491-40e1-867a-00b57f026202
cf535ea3-4acb-4a62-b97c-18f795b11575,a8ff20b2-6422-4946-a18e-a3d061fc2383
d1609093-b231-4152-8131-015bfd326dfc,bf8db8c2-aca3-4e78-92c0-3fcf7fcda584
2e9e2dbe-befa-48de-a63a-a2b80cae8290,9f7e3970-a283-4915-8994-104079355956
9248a40b-d105-4fce-8e20-afdcd0d4734d,e6a761f2-4ee4-4e40-8a88-f89ca07b8f4c
4e4d17b5-4a18-47e9-b375-2786b0740fae,08750596-a75a-4bea-b995-bf759f1b87f0
cf535ea3-4acb-4a62-b97c-18f795b11575,1d3ffcaf-a666-4f88-a2e1-d5cca3078dcd
d1609093-b231-4152-8131-015bfd326dfc,00a3b8dd-f6a6-440b-9823-8dd93b1f2362
2e9e2dbe-befa-48de-a63a-a2b80cae8290,3829496f-401d-4210-8548-0b1108f25495
9248a40b-d105-4fce-8e20-afdcd0d4734d,17a7a8ec-1f9c-43b2-a0f2-0e16ee31c2a7
4e4d17b5-4a18-47e9-b375-2786b0740fae,a6e3f76e-2e78-4e45-944f-0cf03e55b9e1
cf535ea3-4acb-4a62-b97c-18f795b11575,6fee0f23-8abe-467d-af7b-60a11151391d
d1609093-b231-4152-8131-015bfd326dfc,c4fdc13f-2a16-4882-9164-ff3b9c601382
2e9e2dbe-befa-48de-a63a-a2b80cae8290,29742114-65a5-48e4-a6f3-c50b0c19fc64
9248a40b-d105-4fce-8e20-afdcd0d4734d,6d4e8540-cdac-4907-ac1b-ddcd86ac3295
4e4d17b5-4a18-47e9-b375-2786b0740fae,bf25f058-a476-4cd4-bb6c-bb88e982aad4
cf535ea3-4acb-4a62-b97c-18f795b11575,04475557-001f-4601-b2f9-90ab86f1f4d1
d1609093-b231-4152-8131-015bfd326dfc,108b2bfd-f0a3-411e-9f9a-fa2f8384b35e
2e9e2dbe-befa-48de-a63a-a2b80cae8290,6e4ca5f8-d1dc-4e42-9ed0-eb778509f5af
9248a40b-d105-4fce-8e20-afdcd0d4734d,d06e2108-f4ea-4cdd-af1a-337f0284a16d
4e4d17b5-4a18-47e9-b375-2786b0740fae,e7e2def3-6666-4241-b4b5-53b9c548c928
cf535ea3-4acb-4a62-b97c-18f795b11575,edc24eed-dcc4-4b49-9222-3dc0455cba16
d1609093-b231-4152-8131-015bfd326dfc,b7d41f29-5826-45ca-9965-c0a32b01b3c4
2e9e2dbe-befa-48de-a63a-a2b80cae8290,0678c666-be27-4c1b-b7cf-dad30f24d2ff
9248a40b-d105-4fce-8e20-afdcd0d4734d,2f10fc3e-13e2-4997-8746-966300cfd0a2
4e4d17b5-4a18-47e9-b375-2786b0740fae,6db9e26c-b238-4ed5-92e4-2cc57baa285a
cf535ea3-4acb-4a62-b97c-18f795b11575,88f39dfc-0fdd-47f6-a6f9-cf4f1ebeb697
d1609093-b231-4152-8131-015bfd326dfc,cdda0554-46b2-4c3e-ac22-b24455df79e2
2e9e2dbe-befa-48de-a63a-a2b80cae8290,09f7a74f-f75e-4144-bf5d-09ec8f863e37
9248a40b-d105-4fce-8e20-afdcd0d4734d,e71608de-4421-450e-84f0-17195dfd75c5
4e4d17b5-4a18-47e9-b375-2786b0740fae,75add326-9a7d-4370-be49-d88d589625ae
cf535ea3-4acb-4a62-b97c-18f795b11575,78ce8726-3521-4f90-b8ff-da28ebfcbe5e
d1609093-b231-4152-8131-015bfd326dfc,f18d7fd2-3082-45a0-b9fd-3fb2113e27a7
2e9e2dbe-befa-48de-a63a-a2b80cae8290,80cd66e9-85e0-4dd8-a923-309fb63ab19e
9248a40b-d105-4fce-8e20-afdcd0d4734d,5c8d5ccb-1c79-484b-a42e-52fd1bd543bf
4e4d17b5-4a18-47e9-b375-2786b0740fae,0ac7b2a4-fc61-4ae9-9e81-f58985d5d094
cf535ea3-4acb-4a62-b97c-18f795b11575,2c6d6703-6f81-4389-bcae-03d3704df50d
d1609093-b231-4152-8131-015bfd326dfc,16f53ab4-848a-442c-be11-d6dec2fc032d
2e9e2dbe-befa-48de-a63a-a2b80cae8290,78da5233-b083-4f35-ad28-ecdd5d4ca577
9248a40b-d105-4fce-8e20-afdcd0d4734d,89199622-968c-4993-a8f0-fac7a704d434
4e4d17b5-4a18-47e9-b375-2786b0740fae,5d97053a-f265-441a-9a7a-b1b58d1407c5
cf535ea3-4acb-4a62-b97c-18f795b11575,c568c164-8245-4deb-8495-8ec08bc2f1a5
d1609093-b231-4152-8131-015bfd326dfc,8b84c4a5-f3f1-4757-a9d4-ad4b729f81b0
2e9e2dbe-befa-48de-a63a-a2b80cae8290,df06c53f-dd0c-4582-af0d-5bb19ef0910f
9248a40b-d105-4fce-8e20-afdcd0d4734d,48cdea7d-e3a8-475c-9cf7-11f5e8eef69e
4e4d17b5-4a18-47e9-b375-2786b0740fae,c3ea6a39-dc55-4e6d-81d4-5f8e328da2b7
cf535ea3-4acb-4a62-b97c-18f795b11575,d3a2d856-e66e-4d28-a05b-c1be29bde0be
d1609093-b231-4152-8131-015bfd326dfc,a1865089-0f82-4772-a9d3-0db574d18a6d
2e9e2dbe-befa-48de-a63a-a2b80cae8290,8afbfad0-bf7e-4d76-849f-37544cf5606d
9248a40b-d105-4fce-8e20-afdcd0d4734d,de2f0ae4-6aec-4b53-93f2-6b81e2085061
4e4d17b5-4a18-47e9-b375-2786b0740fae,6ac4170d-78c3-4054-ac48-7b0620e4b18b
cf535ea3-4acb-4a62-b97c-18f795b11575,e9f53b11-16b0-4e3f-9d79-804af61e6420
d1609093-b231-4152-8131-015bfd326dfc,d0eaea9a-d41e-46e8-b8f0-e920d7bc5ebc
2e9e2dbe-befa-48de-a63a-a2b80cae8290,6cd97830-d401-474a-a39e-229491b74d8b
9248a40b-d105-4fce-8e20-afdcd0d4734d,4a04e5ab-d972-444c-a75e-f24b60833c87
4e4d17b5-4a18-47e9-b375-2786b0740fae,c9fee904-b5cd-4b78-835b-3a7c5f7b6974
cf535ea3-4acb-4a62-b97c-18f795b11575,118c042b-1bf0-4b54-93da-a5bc32c3b589
d1609093-b231-4152-8131-015bfd326dfc,9a5aa755-ca65-416e-927a-b58e1be9a752
2e9e2dbe-befa-48de-a63a-a2b80cae8290,adbef85e-8870-4967-8d6c-46e1a97188c9
9248a40b-d105-4fce-8e20-afdcd0d4734d,b59f5193-6307-44f5-92c5-d27c35ea62e2
4e4d17b5-4a18-47e9-b375-2786b0740fae,68eb3457-b828-4938-a671-1786b5aad8e7
cf535ea3-4acb-4a62-b97c-18f795b11575,507ad5da-2f7a-4fd4-9cf2-66f028df252a
d1609093-b231-4152-8131-015bfd326dfc,5b94bbe4-099e-44e1-a6b3-cde1b66b72f3
2e9e2dbe-befa-48de-a63a-a2b80cae8290,a4d54703-f4c5-4205-b225-a09f7641b8bb
9248a40b-d105-4fce-8e20-afdcd0d4734d,ace9fa7b-62ee-4578-9977-e667a4c3fbdb
4e4d17b5-4a18-47e9-b375-2786b0740fae,52dd8b51-58af-4b66-88a9-1938a291caea
cf535ea3-4acb-4a62-b97c-18f795b11575,f5321d17-a175-40df-a718-2945c7c21343
d1609093-b231-4152-8131-015bfd326dfc,bc2b86ab-8f50-4cca-bd0b-092f09ebeb4a
2e9e2dbe-befa-48de-a63a-a2b80cae8290,51220962-a7b2-49a3-a73e-3e4836d8a250
9248a40b-d105-4fce-8e20-afdcd0d4734d,22ae2094-4ef5-4430-b6fc-0778de06e7ba
4e4d17b5-4a18-47e9-b375-2786b0740fae,8fe81677-977e-4aaa-afc0-ae18e00db92a
cf535ea3-4acb-4a62-b97c-18f795b11575,4a1f8dcb-59e3-4fef-9418-85cc823be6a0
d1609093-b231-4152-8131-015bfd326dfc,fb9821c3-7d98-4c1d-8835-3c61fe7c93f2
2e9e2dbe-befa-48de-a63a-a2b80cae8290,99ef55df-edab-406e-a598-d3e127140814
9248a40b-d105-4fce-8e20-afdcd0d4734d,7ff2ce4c-f48f-4db9-aebb-551b5c9382a3
4e4d17b5-4a18-47e9-b375-2786b0740fae,98826c80-1cfe-4cfb-a2b0-23bdf28ffc06
cf535ea3-4acb-4a62-b97c-18f795b11575,b0029dae-c4e9-42ed-b863-e2571bc0e565
d1609093-b231-4152-8131-015bfd326dfc,21b9b6d0-469f-4c8a-b31b-aaaf112dc0ac
2e9e2dbe-befa-48de-a63a-a2b80cae8290,af7d97a7-bd01-4d05-9afa-944988247601
9248a40b-d105-4fce-8e20-afdcd0d4734d,1fb5236a-164d-49f0-8888-0e5dc326b5ce
4e4d17b5-4a18-47e9-b375-2786b0740fae,ecd18558-6507-4bfb-9f52-e86ccf488fcd
cf535ea3-4acb-4a62-b97c-18f795b11575,31ca71b6-cfeb-421d-ac86-4050859c6e53
d1609093-b231-4152-8131-015bfd326dfc,6f5be777-1964-4ef2-9f1d-20728a75a148
2e9e2dbe-befa-48de-a63a-a2b80cae8290,a0b3915e-3546-4557-9a7b-9bf3c9a02bca
9248a40b-d105-4fce-8e20-afdcd0d4734d,35caee18-9aa7-497e-a721-779d018cdda9
4e4d17b5-4a18-47e9-b375-2786b0740fae,9b1f0186-10d2-4665-b51f-2c6741ed4ed5
cf535ea3-4acb-4a62-b97c-18f795b11575,4c41bf15-d6ab-4415-8005-74efe9bee24b
d1609093-b231-4152-8131-015bfd326dfc,884d4388-b66c-4835-a79b-cb93142d39a7
2e9e2dbe-befa-48de-a63a-a2b80cae8290,bf4c1c2c-1546-48b3-9230-f5b93086130b
9248a40b-d105-4fce-8e20-afdcd0d4734d,6af68c82-1d79-4bb2-b681-8fdbe337403d
4e4d17b5-4a18-47e9-b375-2786b0740fae,49eb0052-f5c6-468a-a17b-24f1c3449bd7
cf535ea3-4acb-4a62-b97c-18f795b11575,d1e00084-62a7-491c-9251-53b3a6f1a245
d1609093-b231-4152-8131-015bfd326dfc,5c907df6-f4ec-467c-8626-b34360fb7be7
2e9e2dbe-befa-48de-a63a-a2b80cae8290,46821aeb-dfc5-42f1-9d3c-404ae294b132
9248a40b-d105-4fce-8e20-afdcd0d4734d,d4e1883f-286c-4124-a93d-35d2843d81ee
4e4d17b5-4a18-47e9-b375-2786b0740fae,9b0ca746-7552-4983-a6d3-033e4cb84ea2
cf535ea3-4acb-4a62-b97c-18f795b11575,e931d649-ab58-4bdf-a896-e62901f5a430
d1609093-b231-4152-8131-015bfd326dfc,e1439d7b-ecff-4db5-aba2-55aab346f4fc
2e9e2dbe-befa-48de-a63a-a2b80cae8290,95d3d3fd-c30a-4ede-9c04-e6a05ae3a7e2
9248a40b-d105-4fce-8e20-afdcd0d4734d,40197a1c-41bd-4e8a-84a7-cea7414322be
4e4d17b5-4a18-47e9-b375-2786b0740fae,43faf259-60a9-4285-8dfc-fef208c95656
cf535ea3-4acb-4a62-b97c-18f795b11575,cac3379c-d56b-4af6-b7a9-1b24a178afec
d1609093-b231-4152-8131-015bfd326dfc,4475166d-941d-4573-9810-88aa0dabe531
2e9e2dbe-befa-48de-a63a-a2b80cae8290,5cf8af3b-2c1d-46b7-bd08-0cc0bc186b3c
9248a40b-d105-4fce-8e20-afdcd0d4734d,80eb2734-b544-4020-9d8a-565bc5fd111d
4e4d17b5-4a18-47e9-b375-2786b0740fae,a31b58df-fbdf-42b6-829a-360a0585b157
cf535ea3-4acb-4a62-b97c-18f795b11575,e101ff12-f0ec-4976-9856-fca7e53a761e
d1609093-b231-4152-8131-015bfd326dfc,9b32b87a-6fed-425a-8a43-6ddf11d1c9a7
2e9e2dbe-befa-48de-a63a-a2b80cae8290,33e28cc5-1439-4f09-8a2f-fc10388828f0
9248a40b-d105-4fce-8e20-afdcd0d4734d,d9c46280-dafc-467a-ac11-907c6189d152
4e4d17b5-4a18-47e9-b375-2786b0740fae,ee394477-edf6-4d2d-84a3-692c696724fe
cf535ea3-4acb-4a62-b97c-18f795b11575,91bb226c-ad20-4289-8a2d-cda9f4e97583
d1609093-b231-4152-8131-015bfd326dfc,8b0b1cf9-8666-4c6f-88ea-d0ea6a6aa18f
2e9e2dbe-befa-48de-a63a-a2b80cae8290,4c5eb61a-cb3a-4b66-acdc-b9cd36e65b91
9248a40b-d105-4fce-8e20-afdcd0d4734d,90d3d707-6ddc-4bb2-95ef-f43cc27fbaf8
4e4d17b5-4a18-47e9-b375-2786b0740fae,7d151620-b64b-4e33-bf33-8a47e06c3fab
cf535ea3-4acb-4a62-b97c-18f795b11575,d7a65a57-5c9a-4258-9d03-ee49382be8ce
d1609093-b231-4152-8131-015bfd326dfc,0f1f4fc3-0fdd-4010-8181-5435699aa890
2e9e2dbe-befa-48de-a63a-a2b80cae8290,13056209-317f-4104-ac20-d0473c66e7b5
9248a40b-d105-4fce-8e20-afdcd0d4734d,b7fdca00-13ec-4853-b088-31378bd9803e
4e4d17b5-4a18-47e9-b375-2786b0740fae,5bf3efb8-424a-4743-a3cb-2f8fb4307556
cf535ea3-4acb-4a62-b97c-18f795b11575,a50a4fbc-5ee0-4f8c-88ef-e9f629764e3e
d1609093-b231-4152-8131-015bfd326dfc,036f28aa-735f-448c-9b12-58dd7d0824c3
2e9e2dbe-befa-48de-a63a-a2b80cae8290,c6b703f7-8449-478c-9f13-a70e60cddc3c
9248a40b-d105-4fce-8e20-afdcd0d4734d,891a6187-e6b8-4398-88f9-8043b6e64c0d
4e4d17b5-4a18-47e9-b375-2786b0740fae,2d36a11e-ad04-4d3a-947a-45a9c249be3c
cf535ea3-4acb-4a62-b97c-18f795b11575,7221a500-1bc8-4dcd-88c7-475a7ca9efd1
d1609093-b231-4152-8131-015bfd326dfc,0b454930-d99e-4605-85c9-1c49cc935b81
2e9e2dbe-befa-48de-a63a-a2b80cae8290,5efafc02-3202-4a81-b590-5167eeeca1bf
9248a40b-d105-4fce-8e20-afdcd0d4734d,9709b048-d6e0-4dd0-ade7-d05b7e4ec634
4e4d17b5-4a18-47e9-b375-2786b0740fae,678731bf-0097-456f-b25d-3d0ab9529cf2
cf535ea3-4acb-4a62-b97c-18f795b11575,df03ca37-2cf1-4a58-8198-b769e61afd80
d1609093-b231-4152-8131-015bfd326dfc,58d0fd00-510c-4aeb-9f94-a1aed943be0a
2e9e2dbe-befa-48de-a63a-a2b80cae8290,a154699e-f3b7-4222-a29a-69ca73ccf8ea
9248a40b-d105-4fce-8e20-afdcd0d4734d,e6e5ba7a-3b57-44d2-a551-582357dba3ca
4e4d17b5-4a18-47e9-b375-2786b0740fae,7f2a40bb-131c-4900-9981-c0f392499088
cf535ea3-4acb-4a62-b97c-18f795b11575,8e2fe1c8-c06e-46e6-a2be-ac807f0d1315
d1609093-b231-4152-8131-015bfd326dfc,8c5188f8-c0a2-479d-a126-144210c6b3e5
2e9e2dbe-befa-48de-a63a-a2b80cae8290,1b5c3786-6868-4f62-8bba-7fcc002b7609
9248a40b-d105-4fce-8e20-afdcd0d4734d,4bb6408f-42df-4e14-8cc2-6695563343b8
4e4d17b5-4a18-47e9-b375-2786b0740fae,44c8865a-50d9-414d-8219-10148ea2989c
cf535ea3-4acb-4a62-b97c-18f795b11575,4fa8506c-90c6-4dec-9e33-f5900d05f0fa
d1609093-b231-4152-8131-015bfd326dfc,e3a417fa-8c02-4dd4-9db0-7d386a8bdff9
2e9e2dbe-befa-48de-a63a-a2b80cae8290,8a210393-24d5-4676-8cc6-61a11a5d40cd
9248a40b-d105-4fce-8e20-afdcd0d4734d,839ab666-049d-4bf2-9411-ab8046442b5d
4e4d17b5-4a18-47e9-b375-2786b0740fae,0b3c9a40-9913-49ae-87ca-44be82860cfa
cf535ea3-4acb-4a62-b97c-18f795b11575,ada4840b-f51d-462a-ad2b-02695dce6f60
d1609093-b231-4152-8131-015bfd326dfc,fa0dad86-c8d9-4b8d-a868-482e2a0a0632
2e9e2dbe-befa-48de-a63a-a2b80cae8290,da0e1e13-4c82-4d5c-919e-0257432b502d
9248a40b-d105-4fce-8e20-afdcd0d4734d,1a8285b4-0078-4a1b-ba5d-ae049e90af45
4e4d17b5-4a18-47e9-b375-2786b0740fae,154525b8-fc9f-4f3c-bb80-2a571d443de6
cf535ea3-4acb-4a62-b97c-18f795b11575,6923102f-c0af-4c83-8af0-14eaafd6e74b
d1609093-b231-4152-8131-015bfd326dfc,9afde3b7-168e-4e7e-8c4c-5a6d09c5eb54
2e9e2dbe-befa-48de-a63a-a2b80cae8290,f0094646-9131-4218-9d67-f82b229e1d38
9248a40b-d105-4fce-8e20-afdcd0d4734d,bca459fd-20e1-4413-98ab-5f7f56af8366
4e4d17b5-4a18-47e9-b375-2786b0740fae,fe97a911-85c3-454b-9e4f-ac5c4d235f1f
cf535ea3-4acb-4a62-b97c-18f795b11575,2fd826eb-e03b-4309-ac15-16b65f231c90
d1609093-b231-4152-8131-015bfd326dfc,095a19b2-d830-40c7-8623-527d44102cef
2e9e2dbe-befa-48de-a63a-a2b80cae8290,907788b1-ea3e-4f9e-9913-dd982bf13031
9248a40b-d105-4fce-8e20-afdcd0d4734d,dd229997-2e8b-4169-ab87-e880dc83d1fb
4e4d17b5-4a18-47e9-b375-2786b0740fae,bc184167-cb84-41ec-8f90-8778579ec466
cf535ea3-4acb-4a62-b97c-18f795b11575,ca461893-e775-48a3-b211-99f5e7663228
d1609093-b231-4152-8131-015bfd326dfc,17c66940-19b7-4df1-8f41-787b5e197ec6
2e9e2dbe-befa-48de-a63a-a2b80cae8290,031b84ac-902a-4b41-8688-23410478b163
9248a40b-d105-4fce-8e20-afdcd0d4734d,f0a11696-1fae-4767-bd7e-74506f0192e9
4e4d17b5-4a18-47e9-b375-2786b0740fae,d64641f6-3d69-4b91-8b34-64d6c1a08a73
cf535ea3-4acb-4a62-b97c-18f795b11575,bc193b83-fd30-46cc-8eaf-78a7c29492ad
d1609093-b231-4152-8131-015bfd326dfc,bd107c40-47f0-45d4-af1b-df9fc696c220
2e9e2dbe-befa-48de-a63a-a2b80cae8290,1bd06838-69d3-4949-8611-9aa1e826d3e6
9248a40b-d105-4fce-8e20-afdcd0d4734d,8bc8e27e-92e6-4cdc-92a7-fbbd0160d194
4e4d17b5-4a18-47e9-b375-2786b0740fae,a69aebb4-daa7-4714-a084-98ce260e8561
cf535ea3-4acb-4a62-b97c-18f795b11575,dc53c726-4f04-41a6-b620-427b87cb36f1
d1609093-b231-4152-8131-015bfd326dfc,8259bbc3-5acc-4109-9b56-055a076c0b62
2e9e2dbe-befa-48de-a63a-a2b80cae8290,3f1893e1-fae4-40fe-a76c-edc6c2f73c2c
9248a40b-d105-4fce-8e20-afdcd0d4734d,62b86350-6f8e-4e3c-bb1d-d096a525ad05
4e4d17b5-4a18-47e9-b375-2786b0740fae,04198f40-b0bd-4a92-9340-4ba9b31b414a
cf535ea3-4acb-4a62-b97c-18f795b11575,0689885e-eddb-40db-9a1f-b89f487b66ed
d1609093-b231-4152-8131-015bfd326dfc,b9fafc2e-209b-4e4d-b1a1-2930d5b3d105
2e9e2dbe-befa-48de-a63a-a2b80cae8290,1d5e4a99-aa92-42fb-9f03-5a2402b09626
9248a40b-d105-4fce-8e20-afdcd0d4734d,fa5077d6-e36a-4230-95d9-68bdc42edc93
4e4d17b5-4a18-47e9-b375-2786b0740fae,6ead02ef-ce07-4ec2-b441-3c93b84a92d1
cf535ea3-4acb-4a62-b97c-18f795b11575,e356e0b4-1aef-4bfc-98f4-a28a312786fe
d1609093-b231-4152-8131-015bfd326dfc,d2892aa6-1100-4dac-9a3d-32cbb1a74d94
2e9e2dbe-befa-48de-a63a-a2b80cae8290,d9b7f7cb-de66-42fb-8a35-8e8823f3bd98
9248a40b-d105-4fce-8e20-afdcd0d4734d,d91cfa65-e01c-4d84-b1d7-58a38371e20d
4e4d17b5-4a18-47e9-b375-2786b0740fae,aa4f6bb8-1a90-4697-8693-ff7c14f3874a
cf535ea3-4acb-4a62-b97c-18f795b11575,15cce9e4-3a49-487a-b143-aef6f03937df
d1609093-b231-4152-8131-015bfd326dfc,fe3bfb3a-7f8e-45b4-94e8-7a6b690059cb
2e9e2dbe-befa-48de-a63a-a2b80cae8290,1dba30d6-0c56-4de5-b5eb-a4497a2cd2ca
9248a40b-d105-4fce-8e20-afdcd0d4734d,58ef18f5-bd05-4463-9ddb-90250eb36b49
4e4d17b5-4a18-47e9-b375-2786b0740fae,cf0888f5-5c36-493b-9a65-d2f7819c1c21
cf535ea3-4acb-4a62-b97c-18f795b11575,269cbcda-cc38-496c-b44f-b312d40b8951
d1609093-b231-4152-8131-015bfd326dfc,6913b2f4-4a3b-41f2-a220-3ac2542376bc
2e9e2dbe-befa-48de-a63a-a2b80cae8290,df43903e-41d8-41df-a13d-bd0277227381
9248a40b-d105-4fce-8e20-afdcd0d4734d,3f9e1e67-89ee-495a-9829-74aaba8260e5
4e4d17b5-4a18-47e9-b375-2786b0740fae,0f374984-2889-4ffd-97bd-90b16d81f5ee
cf535ea3-4acb-4a62-b97c-18f795b11575,e8570ec9-abaf-4959-b3e1-4fb381b87988
d1609093-b231-4152-8131-015bfd326dfc,d7c2b586-b5a7-4c40-b2e6-eab0739dbf21
2e9e2dbe-befa-48de-a63a-a2b80cae8290,98614eb3-745f-4e89-8021-d601c8b47d1e
9248a40b-d105-4fce-8e20-afdcd0d4734d,8e0c7294-32ee-4c8b-8821-d243c16ffd6b
4e4d17b5-4a18-47e9-b375-2786b0740fae,f6f035c5-8fa7-49bd-8834-7f41d8ef560f
cf535ea3-4acb-4a62-b97c-18f795b11575,05d7a986-4098-4d2d-bd7c-afe1b9085b30
d1609093-b231-4152-8131-015bfd326dfc,28365f53-34e4-4cd4-9bfd-0658e0ec0a1b
2e9e2dbe-befa-48de-a63a-a2b80cae8290,c12965ad-5c9c-4350-ae11-983d40e7472c
9248a40b-d105-4fce-8e20-afdcd0d4734d,db935a55-7b01-457c-8c0b-ec73a0e3887e
4e4d17b5-4a18-47e9-b375-2786b0740fae,c6f7f5b3-6a01-4a8c-8f4d-760356672357
cf535ea3-4acb-4a62-b97c-18f795b11575,53ae57ce-280c-475e-aff5-b3a47d807a41
d1609093-b231-4152-8131-015bfd326dfc,8a5fe31c-6803-40e5-8f65-d9ef43470e34
2e9e2dbe-befa-48de-a63a-a2b80cae8290,f9bf1402-9204-4813-9761-4d03f0c8cab0
9248a40b-d105-4fce-8e20-afdcd0d4734d,e6c851ed-9e97-476c-9b53-282237157037
4e4d17b5-4a18-47e9-b375-2786b0740fae,a3f1a540-37b5-4a02-b4fe-a36f4b20d715
cf535ea3-4acb-4a62-b97c-18f795b11575,e9888b4a-6576-4b59-9309-59c64a262ab7
d1609093-b231-4152-8131-015bfd326dfc,634bd8d7-b201-4654-af56-3e0e67108419
2e9e2dbe-befa-48de-a63a-a2b80cae8290,6987222c-3238-42d8-a446-25432515f2da
9248a40b-d105-4fce-8e20-afdcd0d4734d,77e84740-2851-4f82-b625-fcb75147324a
4e4d17b5-4a18-47e9-b375-2786b0740fae,98f6f001-56bb-49ca-860d-58cf3599cecb
cf535ea3-4acb-4a62-b97c-18f795b11575,54882028-08bf-4d03-9c41-bf3577b0bfb2
d1609093-b231-4152-8131-015bfd326dfc,6ad535eb-535e-49a5-a1af-175c079f4df9
2e9e2dbe-befa-48de-a63a-a2b80cae8290,6337b59b-4ed1-4deb-966f-4d6f3d9f1c07
9248a40b-d105-4fce-8e20-afdcd0d4734d,aea863af-00d6-43b7-99ca-f4ee286d6db7
4e4d17b5-4a18-47e9-b375-2786b0740fae,741ac6c9-1afd-4001-b46e-ae348d0fd37c
cf535ea3-4acb-4a62-b97c-18f795b11575,06bf0650-0cdf-4d14-9a1f-2290340e7d08
d1609093-b231-4152-8131-015bfd326dfc,c7c1534f-eb0d-495c-8c1b-05b11a0f88ee
2e9e2dbe-befa-48de-a63a-a2b80cae8290,13f202b6-9d0b-4cf5-9a8e-86eac53ba3f6
9248a40b-d105-4fce-8e20-afdcd0d4734d,58e5efc9-d6c9-4dcc-8d2f-7ea9059277e4
4e4d17b5-4a18-47e9-b375-2786b0740fae,23bd1cc5-dd2e-4f4a-9fb7-167427b6a5b2
cf535ea3-4acb-4a62-b97c-18f795b11575,c9f47bd4-d850-4d14-a565-25856cb111a0
d1609093-b231-4152-8131-015bfd326dfc,b551965c-d855-4b2c-b1bc-39e53e42e2fb
2e9e2dbe-befa-48de-a63a-a2b80cae8290,98b8b776-7337-47fd-a26c-7d82a0b65daa
9248a40b-d105-4fce-8e20-afdcd0d4734d,edb544c0-b35f-49d7-ab33-1484006b3c00
4e4d17b5-4a18-47e9-b375-2786b0740fae,a63f6fbd-ae9a-4dde-871c-c51ce26c80de
cf535ea3-4acb-4a62-b97c-18f795b11575,ff863f58-44b4-437e-b5c0-d7b01f887ffd
d1609093-b231-4152-8131-015bfd326dfc,7f249ed8-fcb9-46fd-8cc3-b3cf1f7c406b
2e9e2dbe-befa-48de-a63a-a2b80cae8290,7872cc7a-f4e7-4335-aa67-838d62fb3152
9248a40b-d105-4fce-8e20-afdcd0d4734d,2d7367e3-fa8c-4b58-a72a-fd66b7b515c2
4e4d17b5-4a18-47e9-b375-2786b0740fae,1c678b51-5bfe-4618-895e-de1120bc887d
cf535ea3-4acb-4a62-b97c-18f795b11575,d476f41b-711f-473c-8d29-b4974f69064f
d1609093-b231-4152-8131-015bfd326dfc,3c58d457-1756-45bb-a1e0-338de3252a48
2e9e2dbe-befa-48de-a63a-a2b80cae8290,fd4bdb78-8d94-4be1-a279-f0e5891dcf90
9248a40b-d105-4fce-8e20-afdcd0d4734d,0d82abd5-c352-45a4-85c9-615532a1ec45
4e4d17b5-4a18-47e9-b375-2786b0740fae,e7d9d5f5-f315-4919-b8f3-8160cdae70f3
cf535ea3-4acb-4a62-b97c-18f795b11575,aca78cc1-1eec-499f-9bca-81be75f4e881
d1609093-b231-4152-8131-015bfd326dfc,0edd7b3d-ff89-4596-ab50-2ae7fc21d263
2e9e2dbe-befa-48de-a63a-a2b80cae8290,b92f49a1-7003-48a6-8d50-6ee79d8ee262
9248a40b-d105-4fce-8e20-afdcd0d4734d,cd7e921d-d3b5-4b33-a0f4-1de2bd509c9c
4e4d17b5-4a18-47e9-b375-2786b0740fae,ec5e71d0-96fd-445d-99cc-71705cbd3c87
cf535ea3-4acb-4a62-b97c-18f795b11575,c6acabb1-51f6-4066-86cf-f1cc981dec1f
d1609093-b231-4152-8131-015bfd326dfc,967767cb-6bec-4cbd-9bf7-1c75ec972fb3
2e9e2dbe-befa-48de-a63a-a2b80cae8290,066732e7-dfb2-4aa2-977f-994f3df108a9
9248a40b-d105-4fce-8e20-afdcd0d4734d,7d0d40a2-d9bf-4c27-8386-a94411fb0fdc
4e4d17b5-4a18-47e9-b375-2786b0740fae,79f6f0c7-ed26-4416-a132-5b6114e14f06
cf535ea3-4acb-4a62-b97c-18f795b11575,8ac08a01-a8a7-4201-bbc6-0d6e3ea78825
d1609093-b231-4152-8131-015bfd326dfc,ffd02321-260d-4097-ace3-4015ca4b44d6
2e9e2dbe-befa-48de-a63a-a2b80cae8290,1243d350-b007-4ca6-a6ca-123d42ade455
9248a40b-d105-4fce-8e20-afdcd0d4734d,51eee745-6873-4907-bdb2-6fcb03f389e2
4e4d17b5-4a18-47e9-b375-2786b0740fae,d13dd879-a65c-4289-9ad0-7f2e3801afe6
cf535ea3-4acb-4a62-b97c-18f795b11575,d5985c0e-7c8d-49d0-bd00-3a6cffd08499
d1609093-b231-4152-8131-015bfd326dfc,799f7686-d69a-47f8-be48-9f5cdac532a7