vendor_id_int_identity,vendor_address_id,vendor_name,vendor_email,vendor_phonenumber
b798dfe6-bf18-45ae-b937-2f8f01e0f89e,0717bc3b-a0c9-400f-b331-5e009f398edf,Lockman and Sons,edemelt0@woothemes.com,455-109-5489
9dd5f158-1712-4491-a27f-6aead255d720,b752b1ee-a2b0-4642-8e17-0838849e5366,Graham Inc,ssadd1@unblog.fr,226-567-6284
d01f29a7-62c1-41cd-b4ee-8d18fe083990,10ef5067-132c-408e-b21a-f6b87af35d76,Jakubowski Inc,msilvers2@ucla.edu,387-163-3235
663cb5b6-7aea-40ad-8e5a-3c3bb1302b7f,c2da16a9-0e33-4190-aaa3-f3059decfb5d,Keeling-Wunsch,kpullen3@latimes.com,853-806-8106
c87f6f5c-3713-45f7-ab1d-691e7716b8e2,144dc3f0-3c67-4a5e-8cdc-4ffa55157884,McKenzie Group,dsteed4@reuters.com,102-224-1445
33e983ba-5a7c-4916-b223-ec282f153b45,6933e50a-d9be-48d7-bb64-22b42026e367,"Rath, Cummerata and Heathcote",btylor5@alexa.com,905-309-9169
06d55c16-224d-400c-843f-8fab776e80bd,374ef130-65cf-4a75-a3bd-538d3d97f41c,Jacobi Group,dpulster6@dion.ne.jp,425-484-9482
0ff6350e-a9ff-474d-ab75-d7b463c84df0,191d310e-6070-43fd-977d-6e2506429412,Witting-Hoppe,tmorrison7@comcast.net,725-460-3366
7da3628c-3751-4ba4-a014-a794152f7ad1,6461ca8c-6e89-4213-bd15-78f123520564,"Schroeder, Kerluke and McKenzie",bandersch8@sohu.com,514-556-9035
83cf015d-22e8-421d-895e-f4eaf53814ee,6e389d1e-ef97-4ad2-be95-506d8fdb0523,Frami and Sons,llimpertz9@ow.ly,780-335-3503
271e7bbc-862b-49fe-96d4-01da3d28f598,becbb349-a132-44af-8590-8d95304b1fbf,"Jenkins, Parker and Gulgowski",dhunnama@google.co.uk,515-505-2996
46e43583-7343-48b7-ba57-278f5cc1faf9,65d55c07-17d1-4947-855d-7cd7ca8785ff,Kulas Inc,hantalffyb@newsvine.com,386-771-1853
64e7949c-2ee5-48c7-a43a-f68cef712e12,615cd012-ed59-40a9-894f-4c3d9a8e0931,Hansen LLC,zdablingc@vistaprint.com,457-661-3254
7763072d-194a-4a8a-966a-331606bea174,9abbdc3f-3581-4286-a704-e0e2276aee1f,Balistreri-Reilly,tkinningleyd@discovery.com,822-220-3543
7193d3ce-b676-4562-866c-65a5827e6a7f,1d99cf7a-33b7-4f37-adb2-16e4691d6381,Rowe LLC,ebranne@bloglovin.com,107-626-6194
2ef608d2-da06-4b5c-a978-89cb737a85b8,59be6637-dd76-4244-83fc-06b8cd13a8fe,Steuber-Boehm,cwoakesf@usatoday.com,302-430-1666
aa9c0624-19bc-41b3-9c47-8ab769267af3,8a8d02f8-3cd5-4546-89d6-bde052332cf0,"Nitzsche, Ryan and Armstrong",cvallintineg@psu.edu,901-701-1516
a06f1083-d641-4755-af25-5c35a0fe3706,2ec4a95f-1bd0-4edb-b578-b2414ff93713,Hirthe Inc,sharryh@dailymail.co.uk,401-217-1448
62778fed-0190-425c-be05-c0051e6cc11e,29e974ed-feff-4cbb-9030-f35acdbb810e,Weissnat Inc,kglenisteri@quantcast.com,333-890-5633
b68f5f1d-012f-46fe-91a4-cafeaa60e647,7b2f53b0-4583-4774-8035-18a9788cf7ef,Kulas-Harvey,jbondej@4shared.com,648-621-9681
